{"cameraMode":{"drawMode":0,"name":"Shaded","section":"Shading Mode"},"sceneLighting":true,"audioPlay":false,"sceneViewState":{"showFog":true,"showMaterialUpdate":false,"showSkybox":true,"showFlares":true,"showImageEffects":true,"showParticleSystems":true},"in2DMode":false,"pivot":{"x":-0.2954730987548828,"y":0.6665172576904297,"z":1.004162311553955},"rotation":{"x":-0.27604398131370547,"y":-0.5606469511985779,"z":0.2054854780435562,"w":-0.7531603574752808},"size":12.850297927856446,"orthographic":false}